{
  "dataset_size": 19440,
  "mean_reward_in_logs": -0.11517218500375748,
  "std_reward_in_logs": 3.068920373916626
}